<?xml version="1.0" encoding="UTF-8"?>
<configurationDescriptor version="100">
  <logicalFolder name="root" displayName="root" projectFiles="true" kind="ROOT">
    <logicalFolder name="HeaderFiles"
                   displayName="Header Files"
                   projectFiles="true">
      <itemPath>SBP_communication.h</itemPath>
      <itemPath>railway_initializer.h</itemPath>
      <itemPath>siding.h</itemPath>
      <itemPath>tcp_client.h</itemPath>
      <itemPath>vehicle.h</itemPath>
      <itemPath>wagon.h</itemPath>
    </logicalFolder>
    <logicalFolder name="ResourceFiles"
                   displayName="Resource Files"
                   projectFiles="true">
    </logicalFolder>
    <logicalFolder name="SourceFiles"
                   displayName="Source Files"
                   projectFiles="true">
      <itemPath>SBP_communication.cpp</itemPath>
      <itemPath>main.cpp</itemPath>
      <itemPath>railway_initializer.cpp</itemPath>
      <itemPath>siding.cpp</itemPath>
      <itemPath>tcp_client.cpp</itemPath>
      <itemPath>vehicle.cpp</itemPath>
      <itemPath>wagon.cpp</itemPath>
    </logicalFolder>
    <logicalFolder name="TestFiles"
                   displayName="Test Files"
                   projectFiles="false"
                   kind="TEST_LOGICAL_FOLDER">
    </logicalFolder>
    <logicalFolder name="ExternalFiles"
                   displayName="Important Files"
                   projectFiles="false"
                   kind="IMPORTANT_FILES_FOLDER">
      <itemPath>Makefile</itemPath>
    </logicalFolder>
  </logicalFolder>
  <projectmakefile>Makefile</projectmakefile>
  <confs>
    <conf name="Debug" type="1">
      <toolsSet>
        <compilerSet>default</compilerSet>
        <dependencyChecking>true</dependencyChecking>
        <rebuildPropChanged>false</rebuildPropChanged>
      </toolsSet>
      <compileType>
        <ccTool>
          <standard>8</standard>
          <commandLine>-lboost_system -pthread</commandLine>
        </ccTool>
      </compileType>
      <item path="SBP_communication.cpp" ex="false" tool="1" flavor2="0">
      </item>
      <item path="SBP_communication.h" ex="false" tool="3" flavor2="0">
      </item>
      <item path="main.cpp" ex="false" tool="1" flavor2="0">
      </item>
      <item path="railway_initializer.cpp" ex="false" tool="1" flavor2="0">
      </item>
      <item path="railway_initializer.h" ex="false" tool="3" flavor2="0">
      </item>
      <item path="siding.cpp" ex="false" tool="1" flavor2="0">
      </item>
      <item path="siding.h" ex="false" tool="3" flavor2="0">
      </item>
      <item path="tcp_client.cpp" ex="false" tool="1" flavor2="0">
        <ccTool>
          <commandLine>-lboost_system</commandLine>
        </ccTool>
      </item>
      <item path="tcp_client.h" ex="false" tool="3" flavor2="0">
      </item>
      <item path="vehicle.cpp" ex="false" tool="1" flavor2="0">
      </item>
      <item path="vehicle.h" ex="false" tool="3" flavor2="0">
      </item>
      <item path="wagon.cpp" ex="false" tool="1" flavor2="0">
      </item>
      <item path="wagon.h" ex="false" tool="3" flavor2="0">
      </item>
    </conf>
    <conf name="Release" type="1">
      <toolsSet>
        <compilerSet>default</compilerSet>
        <dependencyChecking>true</dependencyChecking>
        <rebuildPropChanged>false</rebuildPropChanged>
      </toolsSet>
      <compileType>
        <cTool>
          <developmentMode>5</developmentMode>
        </cTool>
        <ccTool>
          <developmentMode>5</developmentMode>
          <standard>8</standard>
        </ccTool>
        <fortranCompilerTool>
          <developmentMode>5</developmentMode>
        </fortranCompilerTool>
        <asmTool>
          <developmentMode>5</developmentMode>
        </asmTool>
      </compileType>
      <item path="SBP_communication.cpp" ex="false" tool="1" flavor2="0">
      </item>
      <item path="SBP_communication.h" ex="false" tool="3" flavor2="0">
      </item>
      <item path="main.cpp" ex="false" tool="1" flavor2="0">
      </item>
      <item path="railway_initializer.cpp" ex="false" tool="1" flavor2="0">
      </item>
      <item path="railway_initializer.h" ex="false" tool="3" flavor2="0">
      </item>
      <item path="siding.cpp" ex="false" tool="1" flavor2="0">
      </item>
      <item path="siding.h" ex="false" tool="3" flavor2="0">
      </item>
      <item path="tcp_client.cpp" ex="false" tool="1" flavor2="0">
      </item>
      <item path="tcp_client.h" ex="false" tool="3" flavor2="0">
      </item>
      <item path="vehicle.cpp" ex="false" tool="1" flavor2="0">
      </item>
      <item path="vehicle.h" ex="false" tool="3" flavor2="0">
      </item>
      <item path="wagon.cpp" ex="false" tool="1" flavor2="0">
      </item>
      <item path="wagon.h" ex="false" tool="3" flavor2="0">
      </item>
    </conf>
  </confs>
</configurationDescriptor>
